FID,FID_1,city,holc_grade,holc_id,name,geometry_k,uf_unique_,Shape__Are,Shape__Len,Shape__Area,Shape__Length
1,1,Los Angeles,C,C126, ,75f8b05578ad213f,7116,0.000380766,0.09288017,5691581.551,11670.08574
2,2,Los Angeles,C,C96, ,7e03bec78bba4ad,7180,0.000449806,0.134930604,6732524.727,15776.85477
3,3,Los Angeles,A,A17, ,48ac8696e6f121d4,7403,7.17E-05,0.059011808,1073208.137,7046.777877
4,4,Los Angeles,D,D45, ,b2a2b0ef53407869,7093,0.000371438,0.110385252,5543944.695,13339.12939
5,5,Los Angeles,C,C19, ,966fb3f0576c47af,7183,0.000275593,0.126959033,4126100.094,15364.66944
6,6,Los Angeles,C,C68, ,5e34822fea2f683a,7252,0.000526692,0.117884593,7872481.113,14357.20954
7,7,Los Angeles,A,A9, ,2741da5e55cd9788,7321,0.000275916,0.10941589,4133555.738,13415.8566
8,8,Los Angeles,B,B16, ,2c87c648222ba6f,7273,0.000326554,0.186266244,4891851.605,22944.4845
9,9,Los Angeles,D,D70, ,5e3a31f3211502c6,7071,0.000540048,0.121716325,8052802.484,14632.91334
10,10,Los Angeles,B,B43, ,9238aa9d662e7a74,7332,8.53E-05,0.045151966,1275823.262,5433.757752
11,11,Los Angeles,C,C132, ,30c750194c9461c6,7031,2.84E-05,0.024691754,424221.0352,2985.145866
12,12,Los Angeles,D,D47, ,6c65d3f15234ed6b,7257,7.99E-05,0.047390801,1194523.828,5817.549625
13,13,Los Angeles,A,A49, ,70bcaaef0a062e75,7102,3.49E-05,0.030094545,521238.0195,3596.017104
14,14,Los Angeles,D,D16, ,38dde6c99e5da2c8,7346,0.000673744,0.264523541,10080867.47,32281.30869
15,15,Los Angeles,C,C122, ,814d3f67ee315675,7129,0.000157052,0.05797732,2348391.152,7021.352329
16,16,Los Angeles,C,C41, ,f8e89c1c1403e2ab,7349,0.000269088,0.12845391,4030021.93,15444.94932
17,17,Los Angeles,C,C37, ,c0977d6b1565438f,7170,2.89E-05,0.028498258,432200.9805,3544.560467
18,18,Los Angeles,B,B71, ,4b882916d4841ffd,7078,0.000101667,0.062522436,1520961.613,7931.516718
19,19,Los Angeles,A,A39, ,b56b4654a127db64,438,6.12E-05,0.03831979,915958.4102,4846.448434
20,20,Los Angeles,C,C127, ,d90173698f022896,7371,0.000973972,0.190454152,14569751.98,22672.53339
21,21,Los Angeles,C,C57, ,4c8f1363b9f937c2,7357,0.000108809,0.094071515,1628082.535,11360.79343
22,22,Los Angeles,C,C138, ,20b0bf15641857c2,7392,0.001132254,0.171943377,16901744.79,20705.23111
23,23,Los Angeles,C,C141, ,e2aaaeb841fedb7,7155,0.000246188,0.128503395,3678840.215,15672.01779
24,24,Los Angeles,B,B69, ,c1ea3b082328363c,7408,0.000143347,0.061507975,2145515.695,7462.110576
25,25,Los Angeles,A,A46, ,bbcc5e1a4992a37b,7163,0.000200591,0.080562213,3000459.199,9903.846819
26,26,Los Angeles,C,C148, ,8ac3b89d66f99aa,430,0.00045462,0.177218765,6785135.141,21827.24706
27,27,Los Angeles,A,A41, ,9f937f4bd7117484,7201,0.000146511,0.066428617,2192942.168,8177.139516
28,28,Los Angeles,C,C123, ,c0a25a8ea591d55e,7137,8.97E-05,0.042670226,1340862.371,5409.443447
29,29,Los Angeles,C,C51, ,7bfb7063feea32a0,7410,6.83E-05,0.057893052,1022228.801,6938.822942
30,30,Los Angeles,C,C134, ,ce0e80f9a7fc2129,7381,0.000189816,0.096129888,2836543.566,11933.19069
31,31,Los Angeles,D,D10, ,52b0a79cb01c33ba,446,2.27E-05,0.01933284,339275.9961,2453.714772
32,32,Los Angeles,C,C82, ,9f4a91e4d5df338d,7215,0.000189438,0.107159095,2834059.852,13192.98493
33,33,Los Angeles,B,B98, ,ca9980d9edb9acb5,6530,0.000199256,0.057592844,2980283.453,7023.536731
34,34,Los Angeles,B,B94, ,336872b198956f3,6475,6.94E-05,0.038143376,1037652.727,4475.183327
35,35,Los Angeles,D,D49, ,df21fd4b25db4396,7144,5.87E-05,0.032767267,877032.9336,4037.683813
36,36,Los Angeles,B,B101, ,7417a1b1fb421823,7157,0.000430763,0.114638614,6440323.004,14124.53751
37,37,Los Angeles,D,D38, ,743cfdd152da48f5,7191,0.000533203,0.234415569,7978044.727,28927.72514
38,38,Los Angeles,D,D17, ,1bc4265fb7ba0499,7411,5.14E-05,0.035255505,769138.875,4305.486735
39,39,Los Angeles,C,C158, ,fbda56ba1446429b,7088,0.000130457,0.070851272,1947661.559,8668.415651
40,40,Los Angeles,C,C119, ,455341f4c05dd5b,7132,0.000193633,0.06725662,2895703.105,8239.580926
41,41,Los Angeles,C,C146, ,2fbb1217e24f0614,432,3.97E-05,0.031678856,592463.0703,4008.053016
42,42,Los Angeles,C,C29, ,f6e325047ec7d14e,7314,0.000443447,0.1460835,6640353.5,16944.72061
43,43,Los Angeles,C,C79, ,204d14a22fb21709,7208,6.30E-05,0.031893724,942355.2578,3880.594603
44,44,Los Angeles,D,D44, ,6e05c9239d5752d6,7094,0.001022727,0.208555215,15268967.29,25845.23645
45,45,Los Angeles,D,D29, ,60a769c37452ff27,7199,0.000186114,0.092220258,2784907.535,11335.53838
46,46,Los Angeles,C,C81, ,63c300ece907fb0c,7206,0.000117615,0.104124353,1759561.832,13007.2951
47,47,Los Angeles,C,C108, ,2038da6697423089,7263,0.00017191,0.077340669,2567367.297,9368.656002
48,48,Los Angeles,C,C164, ,12f7547bb86bd00b,7067,0.000158183,0.06334657,2356991.699,7898.6539
49,49,Los Angeles,C,C159, ,33973cccace2db7a,7086,0.000392216,0.166311259,5856215.188,19565.07928
50,50,Los Angeles,C,C15, ,c75ed32e7c12acec,7274,5.83E-05,0.04546789,873743.6602,5995.2237
51,51,Los Angeles,C,C136, ,a2a1cfd738804370,7388,0.000101567,0.073984662,1517184.605,8850.611148
52,52,Los Angeles,B,B63, ,1a5ded4b7c3ac9f8,7223,8.09E-05,0.040449274,1210753.074,4977.219996
53,53,Los Angeles,B,B75, ,2c023923915598b4,7185,0.000310121,0.107016006,4640977.25,13416.65551
54,54,Los Angeles,B,B29, ,e57d5d748029112d,7320,0.000132227,0.060148235,1980616.598,7473.19476
55,55,Los Angeles,C,C162, ,7900109b8a258001,7072,7.77E-05,0.036431593,1159143.457,4368.863537
56,56,Los Angeles,B,B66, ,a91523b3da05e58c,7168,9.81E-05,0.041950228,1467758.211,5316.557622
57,57,Los Angeles,B,B119, ,2f05073e8ee20de2,7085,0.00015863,0.080217357,2368266.898,9696.154501
58,58,Los Angeles,B,B104, ,b2d8626ef7b0f5e8,7316,0.000124688,0.069179004,1863873.109,8624.781607
59,59,Los Angeles,C,C20, ,eb9ab80d43ce5a5a,7178,0.000425821,0.134556339,6374816.523,16101.1464
60,60,Los Angeles,C,C150, ,8baab8b2565c0030,428,3.67E-05,0.02737546,547594.707,3261.299219
61,61,Los Angeles,B,B112, ,3500f2ff2e779bd2,886,0.000143927,0.049958296,2149747.805,6285.530253
62,62,Los Angeles,B,B33, ,e0535e27ff609129,7334,0.00013255,0.124788243,1984521.047,14351.20058
63,63,Los Angeles,C,C154, ,c22dd3e2380a6076,7083,0.000109519,0.043820734,1633391.453,5443.286083
64,64,Los Angeles,B,B38, ,6f7e82f3f1934ea2,7356,7.14E-05,0.048810427,1068561.332,5605.367048
65,65,Los Angeles,C,C35, ,a2d4fcb3072a8dfd,7176,0.00012001,0.074791911,1796061.082,9291.645799
66,66,Los Angeles,B,B34, ,9a38e688a1cc94,7344,0.000152222,0.07265138,2278730.48,8824.616102
67,67,Los Angeles,D,D32, ,e760c2aa16fc0411,7186,0.00029667,0.140833449,4439479.344,17355.27058
68,68,Los Angeles,C,C93, ,44e5a42e62a85a72,24,0.000167969,0.060715557,2512710.941,7328.423948
69,69,Los Angeles,B,B111, ,4d9d89eca60f9e72,435,0.000354755,0.083941205,5299638.152,9896.732685
70,70,Los Angeles,B,B89, ,1d38cb7fb9db379e,7162,0.00017282,0.060951684,2585420.781,7304.796512
71,71,Los Angeles,B,B105, ,7ffe0e7c7c227923,7384,0.0001182,0.049257806,1766715.336,5891.475159
72,72,Los Angeles,B,B113, ,93cb054d5d6fa51a,429,6.25E-05,0.043877208,932416.668,5539.703183
73,73,Los Angeles,C,C87, ,57a7ae55c2dc718a,7167,0.000113836,0.059104115,1703027.238,7557.208947
74,74,Los Angeles,B,B108, ,4a9265cabd9e4583,7386,2.60E-05,0.030607943,387688.1563,3834.955967
75,75,Los Angeles,D,D9, ,7a4ab7daf4d2e63,7174,7.22E-05,0.06708102,1081080.262,8595.44085
76,76,Los Angeles,D,D53, ,d17f4b47203b734,7160,0.001418354,0.235702414,21210592.31,29258.44082
77,77,Los Angeles,C,C43, ,e39f5aa392d01fe8,7326,0.000137868,0.068542566,2064146.641,8420.620696
78,78,Los Angeles,D,D66, ,b7d894467d78162f,7076,0.000234815,0.084348674,3505018.168,10235.21126
79,79,Los Angeles,D,D61, ,6676d2256c5d467d,7121,0.000479029,0.2129795,7155106.969,25967.02896
80,80,Los Angeles,B,B37, ,5a6bc8e72fb39dd5,7377,7.76E-05,0.043939762,1160765.016,5232.848658
81,81,Los Angeles,D,D68, ,695216d567d6f3a5,7073,5.53E-05,0.035044695,824542.3906,4084.057253
82,82,Los Angeles,A,A10, ,405f031908812f07,7322,0.000181415,0.0694424,2717372.203,8749.70465
83,83,Los Angeles,A,A59, ,cf97ef1865330ab7,7089,0.00142516,0.291940525,21250448.96,34904.78746
84,84,Los Angeles,C,C116, ,ad5b608f34d60aa4,7100,0.000167778,0.071137551,2509132.629,8476.954943
85,85,Los Angeles,A,A20, ,c0fc796871c9b670,7325,8.62E-05,0.040048649,1290071.77,4756.052602
86,86,Los Angeles,A,A22, ,643c554dc14bade1,445,4.37E-05,0.027094995,654968.2148,3262.074785
87,87,Los Angeles,A,A18, ,a4e3ec79a0e95c37,7355,0.000236073,0.089409135,3533320.098,10652.2263
88,88,Los Angeles,C,C103, ,b9b1e605c8d5d2a6,7105,0.000125331,0.065048326,1872877.977,7597.445766
89,89,Los Angeles,C,C70, ,6c63b99fde0971c7,7211,8.22E-05,0.065997003,1229405.973,8087.11199
90,90,Los Angeles,A,A53, ,5fdbbf7b00b7747d,887,4.54E-05,0.030739349,679304.707,3635.81171
91,91,Los Angeles,A,A7, ,dd0027e38128464f,7319,0.000134145,0.096430571,2008557.875,11148.18228
92,92,Los Angeles,B,B79, ,45848f955f9933d9,7111,0.000112997,0.051151053,1688910.512,6288.515152
93,93,Los Angeles,C,C117, ,e79f9bb8c1ded586,434,0.000711569,0.154803903,10640168.91,18260.19224
94,94,Los Angeles,C,C75, ,2d4788e0d8ca64ab,7220,5.00E-05,0.033254251,748438.6523,4075.118525
95,95,Los Angeles,C,C129, ,13fc17a9cf05479e,7158,0.000171903,0.064792085,2570159.477,8214.394252
96,96,Los Angeles,C,C98, ,d6fb98ffacb55ee8,7373,0.000224428,0.079087334,3357584.605,9232.275709
97,97,Los Angeles,C,C25, ,b351c9178abd39d8,7378,0.000354064,0.086158925,5304365.168,10709.01138
98,98,Los Angeles,D,D5, ,8422512cf32b763,7283,2.51E-05,0.0215851,376379.8555,2653.437415
99,99,Los Angeles,B,B85, ,d0b5e943f1ffc353,7108,0.000196446,0.074852719,2934794.234,9006.961796
100,100,Los Angeles,C,C92, ,1e8a3fd3653fa027,7152,0.000212909,0.059443331,3185080.711,7184.123275
101,101,Los Angeles,D,D65, ,7f3f2a6453720649,7087,0.00030438,0.078380482,4544876.055,9435.183446
102,102,Los Angeles,B,B102, ,e6b32df6a2c93251,6928,8.12E-05,0.038312969,1213712.164,4564.825797
103,103,Los Angeles,B,B90, ,6abcf25ef718be26,7142,3.42E-05,0.031735092,511114.207,3677.418515
104,104,Los Angeles,B,B99, ,40ac3df974f6a1a7,7119,0.000138006,0.048826398,2063999.113,5804.476005
105,105,Los Angeles,C,C100, ,4612b4563a982666,7254,0.000301111,0.101872555,4500358.707,12473.36056
106,106,Los Angeles,C,C42, ,dd6d9113738dc8b2,7329,0.000313456,0.156883127,4693599.992,18904.36214
107,107,Los Angeles,B,B32, ,199131516d34cc5c,7172,0.000130393,0.087449528,1951945.219,10828.6231
108,108,Los Angeles,C,C90, ,347093a1ba5e4370,7166,5.89E-05,0.030308389,881994.1641,3732.725347
109,109,Los Angeles,D,D14, ,a255be99c76ed86,899,7.76E-05,0.041171894,1162454.695,5067.420642
110,110,Los Angeles,C,C18, ,c642f9c76909c4eb,7282,0.000154751,0.073742884,2317052.121,9214.910917
111,111,Los Angeles,C,C17, ,7a8bfb4622b9a3cb,7281,0.000147548,0.095832306,2209334.34,11308.29571
112,112,Los Angeles,C,C160, ,5bbe8987f28e3ca0,7092,0.000358055,0.097636197,5345061.578,12045.70476
113,113,Los Angeles,A,A14, ,8d1d1525bb81ca5d,7343,0.00026294,0.123676903,3935816.156,14414.99685
114,114,Los Angeles,C,C91, ,badc1b665fcecbf4,7177,0.000299535,0.104017917,4481872.293,12716.54464
115,115,Los Angeles,C,C124, ,ee62f8ef82c836ea,7136,0.000104774,0.051298096,1566625.082,6208.192813
116,116,Los Angeles,D,D62, ,c3c03d74ed725a44,7008,0.000129993,0.090427978,1938897.508,10989.05111
117,117,Los Angeles,C,C33, ,628c33d7b4f8a702,888,0.000157082,0.068747402,2351417.051,8626.584155
118,118,Los Angeles,B,B88, ,10c14782548573fb,6802,5.58E-05,0.038552107,834099.707,4725.194656
119,119,Los Angeles,C,C45, ,fbb71ca97634a7de,7330,0.000342511,0.131217828,5127195.488,15779.47403
120,120,Los Angeles,C,C101, ,8706a1ea9738ce55,7101,0.000231762,0.096899506,3463432.387,11621.32618
121,121,Los Angeles,D,D58, ,44f568db6f9fbe5e,7382,0.000104433,0.096744773,1560458.105,11837.94463
122,122,Los Angeles,D,D57, ,54a8f4bbf3a0858e,6962,8.28E-05,0.05311815,1237093.582,6459.125542
123,123,Los Angeles,D,D43, ,f3e6609614392c0d,884,0.000126418,0.054874331,1888230.426,6762.575866
124,124,Los Angeles,C,C47, ,661f959bff6e41f5,7333,0.000179188,0.060119373,2681297.305,7145.13796
125,125,Los Angeles,B,B74, ,7ec8f907e7336fde,7195,0.000172908,0.075949432,2587852.43,9382.858556
126,126,Los Angeles,B,B73, ,242c72d08004f317,7197,7.07E-05,0.043910228,1057956.895,5108.300897
127,127,Los Angeles,C,C147, ,9cd495f64da250a1,431,7.63E-05,0.043119602,1139473.535,5461.046774
128,128,Los Angeles,D,D40, ,2564e5261b759fff,7099,0.000122345,0.056473392,1828164.5,6697.664343
129,129,Los Angeles,B,B80, ,6cc201a3ff82da04,7113,0.000197354,0.090126824,2950023.84,11335.77969
130,130,Los Angeles,A,A47, ,112476cfee7ae2ca,7114,8.52E-05,0.044533997,1274156.523,5376.969118
131,131,Los Angeles,C,C95, ,79b5fc7c4a1d01e8,889,0.000217399,0.134416153,3253517.516,16248.47385
132,132,Los Angeles,D,D34, ,666412fdced1284c,7194,0.000319835,0.081020993,4784632.484,9878.36253
133,133,Los Angeles,D,D37, ,dc411bca11ee8c5d,891,4.84E-05,0.02827273,724005.2734,3452.307623
134,134,Los Angeles,C,C163, ,c693071f79af0b85,7074,4.83E-05,0.032508632,719884.5352,3889.84599
135,135,Los Angeles,C,C21, ,d2d94e18aaa68941,436,0.00017291,0.060632365,2588214.465,7535.796795
136,136,Los Angeles,C,C84, ,ede2cf004146f16e,7207,0.000127144,0.060944428,1902596.5,7183.902034
137,137,Los Angeles,B,B20, ,efe285d141646870,441,3.99E-05,0.030308825,597375.7734,3639.46765
138,138,Los Angeles,C,C49, ,a21652ef72fdcf84,7337,8.88E-05,0.043476765,1328399.668,5375.998662
139,139,Los Angeles,B,B24, ,31437c351516b830,7394,8.42E-05,0.054930585,1260491.43,6699.440857
140,140,Los Angeles,C,C121, ,d2446162cb3cdcec,7130,5.54E-05,0.03412236,828780.2422,4051.200474
141,141,Los Angeles,D,D36, ,22228353ff9ec702,7139,0.000235537,0.067145336,3522757.945,8083.630886
142,142,Los Angeles,B,B59, ,f53644df9c3abe38,7209,7.12E-05,0.034768227,1065192.563,4287.297558
143,143,Los Angeles,C,C166, ,2ba022db9701ceff,440,2.82E-05,0.025566825,421259.8398,3166.025644
144,144,Los Angeles,B,B62, ,eafd0b260b596895,892,6.06E-05,0.039709366,905795.3711,4862.578433
145,145,Los Angeles,C,C131, ,b11765dddd9e3952,6999,7.76E-05,0.040002971,1159542.504,4783.242408
146,146,Los Angeles,C,C110, ,16b5a211cc1b3f9c,7258,0.000176366,0.087103702,2637043.723,10436.09461
147,147,Los Angeles,D,D60, ,766c123e349a1530,7122,0.000654381,0.23995217,9778030.551,31023.62092
148,148,Los Angeles,A,A48, ,2b700242754cceb9,7112,9.21E-05,0.037733678,1376563.891,4660.279701
149,149,Los Angeles,D,D7, ,f4a6de0f01c3a627,7354,2.59E-05,0.020410435,388561.6797,2522.823047
150,150,Los Angeles,C,C114, ,3caec05d62ce2b02,7140,1.00E-04,0.043348144,1495219.031,5494.459539
151,151,Los Angeles,C,C102, ,ec9261dde127352a,7104,0.000147585,0.062031828,2205619.082,7440.098143
152,152,Los Angeles,D,D46, ,bca73fde505b83fe,7075,3.35E-05,0.025388734,500095.5273,2996.918923
153,153,Los Angeles,B,B92, ,d94415242a1b4456,7148,1.88E-05,0.017857123,281299.8906,2223.206104
154,154,Los Angeles,D,D39, ,8ff4a127f38be868,7164,0.000158638,0.08208367,2373579.75,9955.238804
155,155,Los Angeles,C,C39, ,991c42c641b2f369,7161,0.00047138,0.165970398,7052481.977,20047.10395
156,156,Los Angeles,A,A60, ,9051fc4c4c7226eb,7064,0.000110798,0.043035587,1651261.996,5422.791135
157,157,Los Angeles,B,B61, ,b6df4e23ab6a2b0a,7222,4.07E-05,0.026285718,609353.7617,3291.473549
158,158,Los Angeles,B,B96, ,240e3dcca4cfabc9,7134,0.000273574,0.095934275,4091945.652,11192.80458
159,159,Los Angeles,B,B41, ,6e17a614d535e809,7331,9.67E-05,0.056562054,1447601.918,6934.122366
160,160,Los Angeles,D,D12, ,ce51943b158b8813,7189,9.47E-05,0.092368603,1416981.594,11165.19043
161,161,Los Angeles,B,B77, ,ed708366e421e1e1,7165,0.000164174,0.065577689,2456730.988,8129.892567
162,162,Los Angeles,B,B65, ,10f538e1a38dbedb,7216,4.60E-05,0.027719311,688199.4531,3410.653872
163,163,Los Angeles,B,B84, ,53af20a5dfaa5916,7261,0.000141703,0.068463912,2116798.148,8670.666977
164,164,Los Angeles,B,B42, ,542806fba22262fa,7328,0.000157814,0.101386283,2361843.512,12412.90922
165,165,Los Angeles,D,D27, ,f8338127e6948506,7219,2.07E-05,0.017823229,309755.4609,2201.801108
166,166,Los Angeles,C,C97, ,8b784a013c4151e8,7375,0.000634184,0.13837255,9490057.922,16995.8979
167,167,Los Angeles,D,D48, ,6f41bee60183c433,7135,0.000330171,0.117553296,4937767.391,14310.75129
168,168,Los Angeles,D,D28, ,e0be432bb618a0f2,7202,3.87E-05,0.035273392,579235.9727,4389.043591
169,169,Los Angeles,B,B115, ,3e5c072293934e93,883,7.90E-05,0.060010808,1177787.012,7052.601119
170,170,Los Angeles,D,D54, ,a3ed68cc6ded9126,7159,0.001320175,0.211083009,19742111.27,26346.52507
171,171,Los Angeles,C,C60, ,f683dbd2b18c9bb8,7366,0.000373811,0.11707357,5590486.543,13932.2647
172,172,Los Angeles,C,C32, ,f86638cd618da49b,7347,0.000313181,0.157610252,4689181.305,18259.33828
173,173,Los Angeles,B,B17, ,20a1a3f028ac5ebf,7277,9.60E-05,0.077539843,1438075.906,9106.600409
174,174,Los Angeles,D,D13, ,d00d112603bf196,7370,0.000175528,0.11547262,2626591.551,14368.74009
175,175,Los Angeles,A,A56, ,413a5a700f450009,7391,0.000205199,0.082257452,3061377.082,9839.201289
176,176,Los Angeles,C,C27, ,8e34704859fd82a1,7379,0.000441951,0.116974031,6619362.109,14088.4808
177,177,Los Angeles,A,A12, ,95c8d9aed2d9bba4,7175,0.000258729,0.124197999,3873830.512,15434.0825
178,178,Los Angeles,D,D64, ,c7cee0e8f086b7da,7077,4.96E-05,0.032573076,739290.8594,4199.225122
179,179,Los Angeles,C,C78, ,a3ede832eab1aa3,7213,7.54E-05,0.036429751,1127897.742,4351.563358
180,180,Los Angeles,C,C76, ,f9a8d0c48b04ac72,7221,0.000200773,0.150879494,3003291.629,18027.51813
181,181,Los Angeles,A,A35, ,64bc7a3b21a01e86,7399,0.000401926,0.114064908,6015036.773,13719.57992
182,182,Los Angeles,A,A11, ,33a6110168a4ecae,7351,5.98E-05,0.043090184,895272.3242,5124.966901
183,183,Los Angeles,B,B35, ,7020d9a2a7bc2bfc,7341,0.000138504,0.071989692,2073454.895,8857.165556
184,184,Los Angeles,B,B95, ,73d8e6f25edcc127,6517,3.59E-05,0.025782557,537088.125,3152.814962
185,185,Los Angeles,A,A13, ,cf56afc6134d76fa,7413,0.000130442,0.062734115,1952869.363,7621.687457
186,186,Los Angeles,B,B86, ,c3cd956f37243a9d,7110,4.19E-05,0.03021728,626071.875,3672.304882
187,187,Los Angeles,B,B121, ,85ab9bf878c7abfd,7065,6.14E-05,0.039186799,914714.4883,4610.319304
188,188,Los Angeles,A,A52, ,7c9dd177a97d3508,7227,8.28E-05,0.044181675,1238160.496,5350.63712
189,189,Los Angeles,C,C34, ,e9f43cb41b028bf3,7171,0.000164111,0.070917226,2456368.199,8457.574931
190,190,Los Angeles,B,B120, ,562f22ebd8427ca7,433,0.000156131,0.064424441,2330750.949,7819.585669
191,191,Los Angeles,B,B72, ,df17fa267e56bbd9,7150,0.000145426,0.054577733,2175543.262,6732.265463
192,192,Los Angeles,A,A42, ,824f9175175e2dce,7149,0.000142202,0.076658431,2127300.801,9679.847097
193,193,Los Angeles,C,C139, ,646bff2871611ff7,7118,0.000389232,0.095730257,5816779.309,11444.65463
194,194,Los Angeles,A,A58, ,6f5f476713944e58,7024,5.19E-05,0.032860934,774381.7695,4078.882114
195,195,Los Angeles,B,B82, ,c04bd94e0994826b,7406,4.45E-05,0.054167821,665429.25,6299.96971
196,196,Los Angeles,B,B93, ,6651f06474ce8b9b,7256,2.23E-05,0.018606878,333628.0273,2303.79383
197,197,Los Angeles,B,B28, ,45f91db4b661a7f,7315,0.000127923,0.127676426,1915992.93,16297.62225
198,198,Los Angeles,B,B70, ,b377f676ae6dbde8,7203,7.67E-05,0.047886016,1148257.207,5755.115779
199,199,Los Angeles,C,C144, ,69ed8ef5b32915fa,7124,0.000519196,0.121017095,7755001.988,14243.25768
200,200,Los Angeles,B,B27, ,7954535adbc093b7,7311,0.000121719,0.074321922,1823034.238,9335.660845
201,201,Los Angeles,C,C36, ,1e64a065c6dad924,7190,2.27E-05,0.02621648,339768.6445,3287.564664
202,202,Los Angeles,C,C167, ,903ac9940b401f93,7255,0.000148395,0.067780932,2218375.926,8085.475881
203,203,Los Angeles,C,C157, ,947d4db79fc0aa4f,449,4.50E-05,0.032127975,670294.2383,3820.802499
204,204,Los Angeles,B,B97, ,e81a26ba1ab6b399,7090,0.000224302,0.093362869,3354872.535,10960.70699
205,205,Los Angeles,B,B89, ,75cbdd2faa5593a0,7109,0.000213496,0.079028596,3189656.336,9824.454263
206,206,Los Angeles,C,C80, ,739506d218547199,7212,0.000204341,0.075830638,3057514.918,8755.313717
207,207,Los Angeles,D,D67, ,350e9d9cc3b4bf67,7091,0.000612949,0.217733297,9146470.75,27214.99212
208,208,Los Angeles,C,C113, ,9cf8e6ca9ff3bdb2,7145,4.73E-05,0.047971287,707334.1367,5894.495975
209,209,Los Angeles,C,C149, ,1dc68b580e955c,427,0.000233851,0.125609329,3489486.809,16006.05095
210,210,Los Angeles,B,B76, ,3e1b141c585239e9,7188,0.000364087,0.189573271,5449120.641,23229.40783
211,211,Los Angeles,C,C105, ,bded83571d3f4ca6,7096,0.000290706,0.077156846,4343082.664,9563.478342
212,212,Los Angeles,C,C23, ,b89c89e95bafa64,7181,0.000137725,0.052586026,2061641.93,6522.538662
213,213,Los Angeles,B,B64, ,3d6503dec5f2b247,7204,0.000132409,0.07628522,1981606.875,9503.315782
214,214,Los Angeles,C,C130, ,e43cf0ca9644f2e7,6912,0.000164918,0.067530262,2465232.02,8097.529946
215,215,Los Angeles,C,C128, ,3e09bdc3d08d750e,7338,0.000283993,0.089608419,4248886.652,10669.29367
216,216,Los Angeles,A,A55, ,b270cbe6aaa1d9d5,7383,8.42E-05,0.050559018,1258711.051,6209.845573
217,217,Los Angeles,C,C133, ,2adede06990ddb,7308,7.06E-05,0.053058387,1055582.195,6073.21106
218,218,Los Angeles,C,C30, ,2cd368519c14be3e,7173,0.00015171,0.090887085,2271330.691,11522.83031
219,219,Los Angeles,C,C155, ,7e11bd9657b1bbca,7082,0.000220859,0.06714096,3293391.453,8404.217082
220,220,Los Angeles,C,C74, ,4b30b5db475ec4,7214,0.000206358,0.158792433,3086949.781,19258.47069
221,221,Los Angeles,B,B21, ,d410e5759c6af413,7306,7.16E-05,0.052992809,1071611.23,6529.338267
222,222,Los Angeles,B,B39, ,152809168fd84116,6772,7.71E-05,0.053768897,1154217.586,6409.332616
223,223,Los Angeles,B,B116, ,7f81962a1bdf73d1,448,2.57E-05,0.023835039,383581.6172,2884.558903
224,224,Los Angeles,C,C142, ,86f8cb193fa26adc,7154,0.000811547,0.178942905,12128034.04,21538.4735
225,225,Los Angeles,D,D55, ,783daed8e8888e73,7380,0.00010026,0.061443285,1499518.258,7179.020476
226,226,Los Angeles,C,C94, ,a341ccf27db3d711,890,0.000137671,0.05841059,2059268.246,6922.464982
227,227,Los Angeles,D,D15, ,5bb97b399a50d8fb,7336,9.65E-05,0.078998188,1443583.027,9470.198234
228,228,Los Angeles,C,C143, ,5e899860894a4cb4,7125,0.000243375,0.096274504,3636345.516,11312.42699
229,229,Los Angeles,D,D63, ,4e9f9c5c8ffbe873,7081,0.001301272,0.231427417,19404898.57,28058.27752
230,230,Los Angeles,B,B25, ,7f43b403ee872d8e,7393,0.000151714,0.06439931,2271280.008,8059.999098
231,231,Los Angeles,B,B117, ,be561d6a679f3dfd,7079,0.000430867,0.162937837,6422744.699,18970.15926
232,232,Los Angeles,D,D41, ,bb5d18f804565f6d,7103,7.71E-05,0.075718745,1151661.227,9023.727674
233,233,Los Angeles,C,C118, ,64c41fa3c70e303f,7133,8.80E-05,0.042267297,1316152.25,5274.315072
234,234,Los Angeles,B,B100, ,fc0e50c9404a06d5,7372,6.21E-05,0.044529319,928177.3203,5529.52298
235,235,Los Angeles,A,A54, ,6435d73158785e6f,6488,2.62E-05,0.021907527,392187.4766,2700.144984
236,236,Los Angeles,B,B81, ,6164cf2a46da5acc,7405,7.69E-05,0.037656557,1149371.035,4537.958767
237,237,Los Angeles,D,D35, ,d2fb0238fb8251b,7193,0.000218572,0.10315478,3269865.16,12604.47201
238,238,Los Angeles,C,C28, ,f519ca7f9249aba,7353,0.000118918,0.094139543,1781079.852,11532.10661
239,239,Los Angeles,C,C48, ,7d0d4feaf7e17d81,7335,0.00081345,0.171446032,12169326.93,20773.3788
240,240,Los Angeles,C,C26, ,f3bc9d49f1cfe234,898,0.000180023,0.116140271,2696798.926,13911.25724
241,241,Los Angeles,A,A50, ,92f191c21d4aa735,885,2.38E-05,0.022397324,356187.9688,2756.456563
242,242,Los Angeles,C,C16, ,6efe3d7d92d83b42,7280,0.000395167,0.117889509,5917712.855,14105.89902
243,243,Los Angeles,B,B109, ,25c36454c29b8a9c,7156,0.000118951,0.04619226,1777469.254,5499.465288
244,244,Los Angeles,B,B19, ,cf6915e4bfd6cfec,7278,9.89E-05,0.058785669,1481635.996,7152.440581
245,245,Los Angeles,B,B36, ,91b95b2a57578884,7169,0.000237179,0.129917765,3549743.652,15819.0848
246,246,Los Angeles,D,D52, ,1aef9ef7b53ee729,7127,0.001198293,0.201410534,17913330.54,24585.47555
247,247,Los Angeles,D,D33, ,f8da457bc6376eda,7192,0.000259575,0.072718015,3883443.449,8852.846507
248,248,Los Angeles,D,D42, ,587e28c3b2360c3b,7098,7.70E-05,0.066060045,1150564.871,8420.821325
249,249,Los Angeles,B,B67, ,206fd4f6539ccf4c,7217,4.89E-05,0.031949424,731784.4023,3756.373833
250,250,Los Angeles,B,B83, ,d6dfaa767c0bc92d,7106,0.000238932,0.095038606,3570114,11198.60874
251,251,Los Angeles,A,A40, ,1b26595a1f3be882,7395,8.26E-05,0.044059521,1236353.512,5439.102958
252,252,Los Angeles,A,A16, ,84ce82353ae3a874,7376,0.00033269,0.188620223,4980119.258,22717.70304
253,253,Los Angeles,C,C161, ,90bae7ae5bc6f7ca,25,0.000130037,0.060734602,1939802.965,7489.557103
254,254,Los Angeles,B,B30, ,9abe9b9046884c08,7352,0.000219338,0.101375158,3285019.707,12602.80589
255,255,Los Angeles,A,A13, ,8c0b9b2b23df3cd2,903,2.18E-06,0.0092569,32673.78906,1218.8659
256,256,Los Angeles,C,C89, ,8e2b712a605cf8f8,7196,0.000661628,0.145233277,9900632.875,17844.05779
257,257,Los Angeles,A,A15, ,293528eb1e2e20a8,7342,0.000377495,0.164793871,5651530.188,19478.50284
258,258,Los Angeles,B,B78, ,e52f36926de8fabe,7374,0.000117131,0.051906391,1752537.93,6145.100957
259,259,Los Angeles,C,C153, ,1781c661ce9fa49,7068,0.000306885,0.130573557,4576984.273,16025.95957
260,260,Los Angeles,C,C88, ,7450e2e7423b5cf3,7151,9.39E-05,0.045157043,1405282.184,5691.148831
261,261,Los Angeles,C,C111, ,1050269132e21585,7146,0.000142915,0.05633529,2137162.652,6802.925661
262,262,Los Angeles,C,C44, ,7b5c061e9daa6b53,7340,0.000163416,0.082591886,2446299.02,9923.665927
263,263,Los Angeles,C,C115, ,8d0f51b1fa176a1,7141,0.00012193,0.057720609,1823780.262,6951.862412
264,264,Los Angeles,D,D71, ,5d8be2c1c550678c,7070,0.000454216,0.148556162,6772348.289,18588.72391
265,265,Los Angeles,B,B23, ,f1dd2894794e23a3,7318,0.000113901,0.095907431,1705389.656,11038.4389
266,266,Los Angeles,D,D6, ,52a43629c4dbc5cc,7313,0.000254422,0.130532923,3810423.727,16313.14432
267,267,Los Angeles,B,B110, ,1c4d2b893ced8389,7126,0.000130532,0.058880869,1950378.316,6929.84675
268,268,Los Angeles,C,C104, ,86ed7b5ad84fde40,7260,4.34E-05,0.029203241,647752.7695,3564.791422
269,269,Los Angeles,C,C107, ,f482d8836659c299,7095,0.000943947,0.157838834,14098253.18,19421.73057
270,270,Los Angeles,D,D51, ,cf57adc71a9fa400,7138,5.23E-05,0.034672906,782460,4294.684521
271,271,Los Angeles,D,D30, ,19db4ac2647c38ee,7153,0.000182759,0.066185982,2734627.113,8224.385188
272,272,Los Angeles,B,B68, ,de5120ee83159bbe,7407,4.86E-05,0.035594415,726921.6094,4303.270212
273,273,Los Angeles,B,B91, ,5438b1b0d62e5f6,7259,4.06E-05,0.026735674,606548.0039,3284.516981
274,274,Los Angeles,A,A6, ,f3f6b4ae4d14dc75,7317,8.01E-05,0.061448581,1199720.293,7189.094852
275,275,Los Angeles,B,B31, ,49a4eb33a831878c,7350,0.000247169,0.1507431,3701506.828,18071.70249
276,276,Los Angeles,D,D50, ,a32adc491b858892,7128,0.000270472,0.085516142,4044029.016,10282.71345
277,277,Los Angeles,B,B22, ,e576339655e2f78c,7275,0.000100933,0.081055328,1511680.703,9746.372955
278,278,Los Angeles,C,C73, ,4e390f2bbe304d6,7218,3.02E-05,0.032299995,451684.2422,3913.895965
279,279,Los Angeles,B,B40, ,193569291e52eab9,7327,0.000171047,0.090083527,2561437.535,10766.35019
280,280,Los Angeles,C,C106, ,8ff2755063e288e,7097,0.000154574,0.061752892,2309284.691,7918.068727
281,281,Los Angeles,C,C112, ,457cdf9e0c0e8929,7147,6.31E-05,0.032675982,944067.0625,4045.250679
282,282,Los Angeles,C,C86, ,9a771cfe88015fc3,7198,0.000130892,0.058145501,1958353.344,6791.116663
283,283,Los Angeles,A,A43, ,7406143853b95792,437,0.00015546,0.080029698,2326891.391,9221.216946
284,284,Los Angeles,A,A34, ,1bee6e2a4e213a5a,7210,5.53E-05,0.035254707,827228.3477,4393.037502
285,285,Los Angeles,C,C22, ,37fda40759f8cc3e,7184,0.000185345,0.112771642,2774268.051,13725.30789
286,286,Los Angeles,D,D69, ,6bbadb4f8c628004,7069,0.000520908,0.19007633,7762043.461,24202.91023
287,287,Los Angeles,B,B60, ,7acb854cf5d42e98,439,5.60E-05,0.032735307,837361.0391,3872.776702
288,288,Los Angeles,C,C156, ,989cf07db4aa562d,7080,0.000519308,0.159543384,7742096.383,18697.97077
289,289,Los Angeles,B,B118, ,9bb8d02ff7b1caec,7404,0.000249436,0.09457881,3717749.461,11104.9229
290,290,Los Angeles,C,C137, ,83f5bacab0ba87ac,7389,0.000159272,0.05829786,2378069.324,7094.832288
291,291,Los Angeles,C,C120, ,e4cb27bd82a7c220,7131,0.000146877,0.068872264,2196523.484,8388.05273
292,292,Los Angeles,C,C125, ,4f24fba72c6b2bfd,7117,0.000504316,0.109991783,7538517.098,13576.95409
293,293,Los Angeles,B,B107, ,6e6cf180219d5809,7387,5.29E-05,0.029886817,789835.8516,3650.62637
294,294,Los Angeles,C,C140, ,ea66f395bb4101c2,7120,0.002192109,0.35809028,32748937.13,43974.92725
295,295,Los Angeles,C,C99, ,e85464178483aca9,7115,0.000358114,0.090614625,5353030.457,11421.16868
296,296,Los Angeles,B,B87, ,acd0eb5f68f2031a,450,1.58E-05,0.016032962,236090.6328,1946.614347
297,297,Los Angeles,B,B122, ,b22e3317183a7262,7066,7.29E-05,0.048704049,1086388.574,6128.001364
298,298,Los Angeles,A,A5, ,28a2144661fb1c0c,7276,0.000113787,0.055168042,1704212.602,6569.716139
299,299,Los Angeles,C,C135, ,7f9c6bb6edae0780,7385,4.73E-05,0.038436527,706670.4492,4690.42839
300,300,Los Angeles,D,D8, ,7346dda043015aca,7323,3.83E-05,0.025684916,573432.293,3236.691181
301,301,Los Angeles,A,A19, ,b8cd36f9a027774e,7348,9.68E-05,0.042688265,1448880.758,5055.3931
302,302,Los Angeles,C,C77, ,148f294553109ccf,893,7.87E-05,0.039874977,1177675.934,5001.492018
303,303,Los Angeles,C,C83, ,535cb7b733709515,7200,0.000147611,0.052384238,2209032.992,6447.915986
304,304,Los Angeles,A,A38, ,2855a11786101abf,7310,9.14E-05,0.065373706,1368126.438,8025.376693
305,305,Los Angeles,C,C152, ,322f31bd224ddc0a,882,0.000106388,0.074327768,1586935.156,8590.979749
306,306,Los Angeles,B,B106, ,8424a061d3c30dbd,7045,6.16E-05,0.034557003,920298.2578,4149.105779
307,307,Los Angeles,C,C85, ,a480e49bd36dd365,7205,6.78E-05,0.046673943,1013913.406,5463.871126
308,308,Los Angeles,C,C31, ,4cfa0c67559cb9eb,7345,0.000168816,0.065832186,2527446.613,8237.480231
309,309,Los Angeles,A,A37, ,b9f8c44dd9d311e1,7224,0.000694663,0.120235684,10393601.73,14591.77475
310,310,Los Angeles,D,D11, ,f22e9953d57f66ba,7182,4.90E-05,0.037355204,733506.5547,4532.829275
311,311,Los Angeles,B,B114, ,c1cb3782d4a351a5,7037,7.16E-05,0.035209892,1067908.281,4285.877562
312,312,Los Angeles,C,C151, ,233e1214c0836a8a,7084,6.61E-05,0.033638668,986451.3633,4075.95803
313,313,Los Angeles,C,C38, ,50031934e09c0b9c,7235,4.03E-05,0.043574376,603462.3555,5027.717007
314,314,Los Angeles,D,D59, ,502f7b363cc865a,7390,0.00029907,0.108035197,4463210.285,13362.63738
315,315,Los Angeles,C,C46, ,bbfd52eba36eeaa6,7339,0.000835162,0.183815218,12499705,22064.76517
316,316,Los Angeles,C,C40, ,6cca7c1e37248956,7262,0.000209785,0.081850321,3138879.742,9798.728603
317,317,Los Angeles,B,B103, ,bc5b4cbbdb916f47,6678,0.000168251,0.073692333,2515030.453,8584.567905
318,318,Los Angeles,C,C109, ,d871962c104595f1,7143,0.000122152,0.055196207,1826982.309,6459.429577
319,319,Los Angeles,A,A21, ,b0f2145f02066b30,7324,6.79E-05,0.036530802,1016099.547,4307.900703
320,320,Los Angeles,C,C145, ,ba8e713da65e1298,7123,0.000243827,0.169060572,3641269.309,20201.64019
321,321,Los Angeles,A,A51, ,89917419f698178b,7107,0.000118071,0.052403426,1764155.773,6368.292793